{
  "method": "Monte Carlo n=1000 per scenario, 95% CI = [p5, p95]",
  "perturbations": {
    "response_rate": "±15% (정책 채택률 변동)",
    "save_min_base": "±20% (역별 통근 절감 분포)",
    "krw_per_hour": "±10% (한국교통연구원 167원/분 변동)",
    "line_cap_ratio": "±10% (호선별 운영 변동)"
  },
  "scenarios": {
    "0.05": {
      "rate": 0.05,
      "net_b_mean": 484.1462150582272,
      "net_b_p5": 403.53788911128987,
      "net_b_p95": 579.333003861856,
      "roi_x_mean": 117.8680392666456,
      "roi_x_p5": 101.5775013074077,
      "roi_x_p95": 133.9986342314707,
      "minutes_p5": 59732534.24498556,
      "minutes_p95": 101486904.10267521,
      "n_sims": 1000
    },
    "0.15": {
      "rate": 0.15,
      "net_b_mean": 850.8421227283985,
      "net_b_p5": 674.6287077985427,
      "net_b_p95": 1064.9109643763998,
      "roi_x_mean": 207.38105032325674,
      "roi_x_p5": 169.84088330848635,
      "roi_x_p95": 249.29933929601822,
      "minutes_p5": 181303151.07737815,
      "minutes_p95": 305439050.59563404,
      "n_sims": 1000
    },
    "0.30": {
      "rate": 0.3,
      "net_b_mean": 1400.2313277983542,
      "net_b_p5": 1064.0777741195718,
      "net_b_p95": 1807.567011050482,
      "roi_x_mean": 340.3166052022866,
      "roi_x_p5": 270.00692417724,
      "roi_x_p95": 423.94814952227244,
      "minutes_p5": 359529047.8050683,
      "minutes_p95": 617714079.2155273,
      "n_sims": 1000
    },
    "0.50": {
      "rate": 0.5,
      "net_b_mean": 2138.7368495690544,
      "net_b_p5": 1604.3539956090683,
      "net_b_p95": 2793.597801280378,
      "roi_x_mean": 517.818230595133,
      "roi_x_p5": 401.64789255515853,
      "roi_x_p95": 642.4607412388688,
      "minutes_p5": 596862344.2665509,
      "minutes_p95": 1021005270.3940706,
      "n_sims": 1000
    },
    "0.70": {
      "rate": 0.7,
      "net_b_mean": 2935.771744983686,
      "net_b_p5": 2202.0787167284657,
      "net_b_p95": 3808.5820672509335,
      "roi_x_mean": 710.2616972428067,
      "roi_x_p5": 545.5148823855343,
      "roi_x_p95": 885.0930003196729,
      "minutes_p5": 865114663.2387241,
      "minutes_p95": 1445594991.1119616,
      "n_sims": 1000
    }
  }
}